Topic,Year,Charlotte Mason Organizer,Google Classroom,Homeschool Day Book,Homeschool Helper,Homeschool Manager,Homeschool Minder,Homeschool Planet,Homeschool Reporting Online,Homeschool Skedtrack,Homeschool Tracker,Homeschooling Records,Lessontrek,My School Year,Scholaric,Well Planned Day Online
https://forums.welltrainedmind.com/topic/100480-ambleside-online-users/,2009,,,,,,,,,,1,,,,,
https://forums.welltrainedmind.com/topic/105037-tell-me-about-the-dvd-seminar-from-simply-charlotte-mason/,2009,1,,,,,,,,,,,,,,
https://forums.welltrainedmind.com/topic/109114-free-curriculum-list/,2009,,,,1,,,,,1,1,,,,,
https://forums.welltrainedmind.com/topic/109604-anyone-use-homeschool-skedtrack/,2009,,,,,,,,,1,,,,,,
https://forums.welltrainedmind.com/topic/111220-baffled-by-michael-clay-thompson-la/,2009,,,,,,,,,,1,,,,,
https://forums.welltrainedmind.com/topic/129844-homeschool-tracker-question/?tab=comments#comment-1222284,2009,,,,,,,,,,1,,,,,
https://forums.welltrainedmind.com/topic/147177-simply-charlotte-mason-or-ambleside/,2010,1,,,,,,,,,,,,,,
https://forums.welltrainedmind.com/topic/186110-whats-a-good-homeschool-planner/,2010,,,,,,,,,,1,,,,,1
https://forums.welltrainedmind.com/topic/195695-anyone-try-the-well-planned-day-planners/,2010,,,,,,,,,,,,,,,1
https://forums.welltrainedmind.com/topic/203459-terribly-embarrassed-herewhyhow-do-you-create-lesson-plans/,2010,,,,,,,,,,1,,,,,
https://forums.welltrainedmind.com/topic/222511-ambleside-online/,2010,,,,,,,,,,1,,,,,
https://forums.welltrainedmind.com/topic/23954-homeschool-tracker-questions/,2008,,,,,,,,,,1,,,,,
https://forums.welltrainedmind.com/topic/249069-transcript-for-7th-and-8th-grade/,2011,,,,,,,,,,1,,,,,
https://forums.welltrainedmind.com/topic/254395-record-keeping-homeschool-tracker-and-ipad/,2013,,,,1,,,,,,1,,,,,
https://forums.welltrainedmind.com/topic/265754-gradingrecord-keepingtranscripts/,2011,,,,,,,,,1,1,,,,,
https://forums.welltrainedmind.com/topic/297229-scholaric-vs-skedtrack-for-planning/?tab=comments#comment-2986890,2011,,,,,,,,,,,,,,1,
https://forums.welltrainedmind.com/topic/337281-if-you-have-a-long-loop-schedule-for-your-homeschool-can-you-share/,2012,,,,,,,,,1,,,,,,
https://forums.welltrainedmind.com/topic/338659-if-youve-done-both-mfw-and-hod/,2012,,,,,,,,,1,,,,,,
https://forums.welltrainedmind.com/topic/341507-wondering-about-tearing-up-workbooks-vs-leaving-them-whole/,2012,,,,,,,,,,1,,,,,
https://forums.welltrainedmind.com/topic/343523-well-my-paces-curriculum-came-today/,2012,,,,,,,,,,,,,,1,
https://forums.welltrainedmind.com/topic/358659-ipads-for-homeschooling/,2012,,,,,,,,,,,,,,1,
https://forums.welltrainedmind.com/topic/376514-curious-about-winter-promise/,2012,,,,,,,,,,,,,,1,
https://forums.welltrainedmind.com/topic/383203-edu-track-vs-homeschool-tracker/,2012,,,,,,,,,,1,,,,,
https://forums.welltrainedmind.com/topic/393417-ultimate-homeschool-planner-vs-well-planned-day/,2012,,,,,,,,,,,,,,,1
https://forums.welltrainedmind.com/topic/397457-scholaric-or-homeschool-tracker-plus/,2012,,,,,,,,,1,1,,,,1,
https://forums.welltrainedmind.com/topic/401214-which-homeschool-planners-allow-you-to-print-like-this/,2012,,,,,,,,,1,1,,,,1,
https://forums.welltrainedmind.com/topic/415058-ipad-users-homeschool-helper-app/,2012,,,,1,,,,,,,,,,,1
https://forums.welltrainedmind.com/topic/419151-keeping-track-of-hours/,2012,,,,1,,,,,,,,,,,
https://forums.welltrainedmind.com/topic/423847-scholaric-review-and-giveaway/,2012,,,,,,,,,,,,,,1,
https://forums.welltrainedmind.com/topic/444843-looking-for-planning-app/?tab=comments#comment-4541473,2012,,,,1,,,,,,,,,,,
https://forums.welltrainedmind.com/topic/449025-is-there-has-planner-app/?tab=comments,2013,,,,,,,,,1,,,,,1,
https://forums.welltrainedmind.com/topic/4551-for-those-of-you-who-are-using-lapbooks/,2008,,,,1,,,,,,,,,,,
https://forums.welltrainedmind.com/topic/477446-little-known-secret-curric-to-try/,2013,,,,,,,,,,,,,,1,
https://forums.welltrainedmind.com/topic/481657-homeschool-planet-anyone-trying-it/,2013,,,,,,1,1,,,,,,,1,1
https://forums.welltrainedmind.com/topic/511101-question-for-those-that-like-circe-etc/,2014,1,,,,,,,,,,,,,,
https://forums.welltrainedmind.com/topic/521718-digital-planner-for-looping-schedule/,2014,,,,,,,1,,1,,,,,1,
https://forums.welltrainedmind.com/topic/539500-onenote-vs-homeschool-planet/,2015,,,,,,,1,,,,,,,,
https://forums.welltrainedmind.com/topic/540597-homeschool-tracker-online-vs-homeschool-planet/,2015,,,,,,,1,,,1,,,,,
https://forums.welltrainedmind.com/topic/540598-lets-share-how-we-set-up-onenote/,2015,,,,,,,,,1,,,,,,
https://forums.welltrainedmind.com/topic/540799-which-online-planner-will-let-me-bump-two-ways/,2015,,,,,,,1,,,,,,,1,
https://forums.welltrainedmind.com/topic/54161-homeschool-tracker-question/,2008,,,,,,,,,,1,,,,,
https://forums.welltrainedmind.com/topic/558061-homeschool-planet-users-help-a-newbie-out/,2015,,,,,,,1,,,,,,,,
https://forums.welltrainedmind.com/topic/574023-need-to-simplify-school/,2015,,,,,,,1,,,,,,,,
https://forums.welltrainedmind.com/topic/5826-do-you-find-lesson-planning-software-useful-any-for-mac-users-other-suggestions/,2008,,,,,,,,,,1,,,,,
https://forums.welltrainedmind.com/topic/586061-math-textbooks-not-used-in-school-anymore/,2016,,1,,,,,,,,,,,,,
https://forums.welltrainedmind.com/topic/586966-how-do-you-schedule-your-180-days/,2016,,,,,,,,,1,,,,,,
https://forums.welltrainedmind.com/topic/611151-truthquest-vs-veritas-press-self-paced-history/,2016,,,,,,,,,,,,,,1,
https://forums.welltrainedmind.com/topic/618353-homeschool-planner-and-how-do-you-plan/,2016,,,,,,,1,,,,,1,,1,1
https://forums.welltrainedmind.com/topic/619965-how-do-you-keep-track-of-grades/,2016,,,,1,,,,,,,,,,,
https://forums.welltrainedmind.com/topic/624024-record-keeping-for-relaxed-homeschooling-with-larger-families/,2016,,,,,,,,,,,,,,1,
https://forums.welltrainedmind.com/topic/637551-is-classical-conversations-a-cultor-productor/,2017,,,,,,,,,,1,,,,,
https://forums.welltrainedmind.com/topic/640723-do-you-use-a-planner-of-some-sort/,2017,,,,,,,,,,,,,,1,
https://forums.welltrainedmind.com/topic/649011-do-you-lesson-plan/,2017,,,,,,,,,,1,,,,,
https://forums.welltrainedmind.com/topic/656644-8th-grade-more-independent/,2017,,1,,,,,,,,,,,,,
https://forums.welltrainedmind.com/topic/658388-were-starting-to-hate-math-mammoth/,2017,,,,,,,1,,,,,,,,
https://forums.welltrainedmind.com/topic/665813-opinions-on-memoria-press-core-curriculum/,2017,,,,,,,,,1,,,,,,
https://forums.welltrainedmind.com/topic/666654-mid-year-shakeup/,2018,,,,,,,1,,,,,,,,
https://forums.welltrainedmind.com/topic/670110-reviews-on-open-tent-academy-writing-classes/,2018,,,,,,,1,,,,,,,,
https://forums.welltrainedmind.com/topic/674932-anyone-still-using-homeschool-helper/,2018,,,,1,,,,,,,,,,,
https://forums.welltrainedmind.com/topic/675595-grading-software/,2018,,,,,,,,,,,,,,1,
https://forums.welltrainedmind.com/topic/681351-educents-shutting-down-changing-direction/,2018,,,,,,,1,,,,,,,,
https://forums.welltrainedmind.com/topic/683608-6th-grade-2019-2020/,2019,,,,,,1,1,,,1,,,,,
https://forums.welltrainedmind.com/topic/684121-homeschool-planet-coupon-code/,2019,,,,,,,1,,,,,,,,
https://forums.welltrainedmind.com/topic/688779-how-do-i-make-a-custom-planner/?tab=comments#comment-8402441,2019,,,,,,,,,,,,1,,,
https://forums.welltrainedmind.com/topic/698379-public-school-teachers-who-are-losing-it/,2020,,1,,,,,,,,,,,,,
https://forums.welltrainedmind.com/topic/701712-best-family-calendarorganizer-app/,2020,,,,,,,1,,,,,,,,
https://forums.welltrainedmind.com/topic/701747-does-anyone-use-google-classroom/,2020,,1,,,,,,,,,,,,,
https://forums.welltrainedmind.com/topic/702154-attaching-audio-files-to-assignments-in-google-classroom/,2020,,1,,,,,,,,,,,,,
https://forums.welltrainedmind.com/topic/83407-classically-donethinking-charlotte-mason/,2009,1,,,,,,,,,,,,,,
https://forums.welltrainedmind.com/topic/84644-need-ideas-for-tracking/?tab=comments#comment-828678,2009,,,,,,,,,,1,,,,,
https://forums.welltrainedmind.com/topic/8909-how-much-is-too-much-or-not-enough/,2008,,,,,,,,,,1,,,,,
https://forums.welltrainedmind.com/topic/93216-curricula-questions-about-1st-grade-ds-hf-autism-adhd/,2009,1,,,,,,,,,,,,,,
